{
  "items": [
    {
      "type": "item",
      "title": "ICD-CODES API Requirements",
      "uri": "docs/Requirements.md"
    },
    {
      "type": "divider",
      "title": "APIS"
    },
    {
      "type": "item",
      "title": "icd-codes",
      "uri": "reference/icd-codes.yaml"
    },
    {
      "type": "divider",
      "title": "Schemas"
    },
    {
      "type": "item",
      "title": "Category",
      "uri": "models/categories.yaml"
    },
    {
      "type": "item",
      "title": "CodeEdition",
      "uri": "models/code_editions.yaml"
    },
    {
      "type": "item",
      "title": "IcdCodeRecord",
      "uri": "models/icd_code_recodes.yaml"
    },
    {
      "type": "item",
      "title": "User",
      "uri": "models/users.yaml"
    }
  ]
}